start_time,weather,trip_length
2017-11-25 16:00:00,good,40.17
2017-11-25 14:00:00,good,32.0
2017-11-25 12:00:00,good,25.72
2017-11-04 10:00:00,good,41.87
2017-11-11 07:00:00,good,24.0
2017-11-11 04:00:00,good,22.0
2017-11-04 16:00:00,bad,49.48
2017-11-18 11:00:00,good,38.0
2017-11-11 14:00:00,good,41.0
2017-11-11 12:00:00,good,34.0
2017-11-18 06:00:00,good,25.0
2017-11-04 11:00:00,good,34.0
2017-11-11 08:00:00,good,24.5
2017-11-04 08:00:00,good,25.77
2017-11-11 16:00:00,good,35.0
2017-11-25 13:00:00,good,1.0
2017-11-04 12:00:00,good,44.0
2017-11-25 10:00:00,good,25.03
2017-11-11 12:00:00,good,31.92
2017-11-04 12:00:00,good,46.15
2017-11-11 13:00:00,good,37.5
2017-11-11 04:00:00,good,21.0
2017-11-18 14:00:00,good,47.1
2017-11-04 14:00:00,good,56.0
2017-11-04 14:00:00,good,53.0
2017-11-25 20:00:00,good,35.0
2017-11-04 10:00:00,good,30.0
2017-11-11 12:00:00,good,38.15
2017-11-04 08:00:00,good,24.9
2017-11-11 11:00:00,good,26.0
2017-11-18 12:00:00,bad,33.0
2017-11-11 13:00:00,good,35.25
2017-11-11 10:00:00,good,25.1
2017-11-04 12:00:00,good,43.0
2017-11-04 17:00:00,bad,41.0
2017-11-11 09:00:00,good,27.0
2017-11-04 06:00:00,good,19.38
2017-11-04 05:00:00,good,25.55
2017-11-11 04:00:00,good,24.62
2017-11-11 19:00:00,good,33.07
2017-11-04 13:00:00,good,49.0
2017-11-04 07:00:00,good,22.0
2017-11-04 06:00:00,good,24.0
2017-11-11 06:00:00,good,21.0
2017-11-11 08:00:00,good,26.0
2017-11-04 09:00:00,good,28.05
2017-11-11 05:00:00,good,22.38
2017-11-18 06:00:00,good,29.03
2017-11-04 09:00:00,good,26.0
2017-11-11 08:00:00,good,22.63
2017-11-11 12:00:00,good,33.0
2017-11-04 16:00:00,bad,46.0
2017-11-18 12:00:00,bad,41.0
2017-11-25 12:00:00,good,23.0
2017-11-18 10:00:00,bad,24.0
2017-11-25 14:00:00,good,27.0
2017-11-11 08:00:00,good,23.58
2017-11-25 05:00:00,good,22.08
2017-11-11 19:00:00,good,32.0
2017-11-18 06:00:00,good,35.0
2017-11-11 08:00:00,good,22.0
2017-11-11 10:00:00,good,21.0
2017-11-11 08:00:00,good,20.0
2017-11-25 08:00:00,good,22.0
2017-11-04 18:00:00,bad,39.38
2017-11-11 18:00:00,good,38.0
2017-11-25 10:00:00,good,22.0
2017-11-04 06:00:00,good,19.0
2017-11-11 18:00:00,good,42.0
2017-11-18 16:00:00,bad,50.0
2017-11-11 08:00:00,good,19.0
2017-11-04 14:00:00,good,51.4
2017-11-11 08:00:00,good,23.0
2017-11-04 09:00:00,good,23.0
2017-11-11 12:00:00,good,36.88
2017-11-04 16:00:00,bad,52.0
2017-11-11 15:00:00,good,80.0
2017-11-04 05:00:00,good,21.0
2017-11-11 06:00:00,good,22.43
2017-11-18 11:00:00,good,47.38
2017-11-11 10:00:00,good,23.92
2017-11-11 17:00:00,good,40.43
2017-11-04 09:00:00,good,29.0
2017-11-25 07:00:00,good,39.0
2017-11-18 05:00:00,good,34.58
2017-11-04 04:00:00,good,22.22
2017-11-04 11:00:00,good,42.9
2017-11-11 12:00:00,good,40.68
2017-11-04 14:00:00,good,55.0
2017-11-18 07:00:00,bad,25.18
2017-11-04 10:00:00,good,41.0
2017-11-11 18:00:00,good,37.0
2017-11-04 10:00:00,good,42.52
2017-11-11 07:00:00,good,20.0
2017-11-11 16:00:00,good,34.37
2017-11-04 12:00:00,good,49.98
2017-11-04 08:00:00,good,27.95
2017-11-04 06:00:00,good,19.62
2017-11-11 06:00:00,good,24.58
2017-11-04 18:00:00,bad,33.0
2017-11-04 15:00:00,good,53.35
2017-11-25 18:00:00,good,46.0
2017-11-11 09:00:00,good,23.0
2017-11-11 07:00:00,good,23.0
2017-11-18 08:00:00,bad,22.0
2017-11-25 08:00:00,good,21.28
2017-11-11 04:00:00,good,20.22
2017-11-18 13:00:00,bad,67.4
2017-11-04 21:00:00,good,28.0
2017-11-11 11:00:00,good,34.57
2017-11-04 16:00:00,bad,46.37
2017-11-11 16:00:00,good,43.18
2017-11-04 14:00:00,good,52.0
2017-11-11 08:00:00,good,21.0
2017-11-11 10:00:00,good,24.0
2017-11-04 14:00:00,good,54.0
2017-11-04 19:00:00,good,31.15
2017-11-11 06:00:00,good,20.3
2017-11-11 11:00:00,good,27.0
2017-11-11 10:00:00,good,23.0
2017-11-11 07:00:00,good,22.0
2017-11-11 13:00:00,good,35.38
2017-11-11 07:00:00,good,23.07
2017-11-04 13:00:00,good,51.0
2017-11-18 15:00:00,good,58.0
2017-11-11 12:00:00,good,34.52
2017-11-18 12:00:00,bad,50.4
2017-11-11 11:00:00,good,23.0
2017-11-25 06:00:00,good,20.0
2017-11-18 13:00:00,bad,55.0
2017-11-11 13:00:00,good,35.0
2017-11-25 13:00:00,good,26.0
2017-11-04 12:00:00,good,46.0
2017-11-11 17:00:00,good,41.0
2017-11-11 10:00:00,good,29.0
2017-11-11 06:00:00,good,27.78
2017-11-18 18:00:00,good,34.27
2017-11-11 10:00:00,good,24.55
2017-11-11 14:00:00,good,39.0
2017-11-04 16:00:00,bad,53.0
2017-11-04 11:00:00,good,37.0
2017-11-18 14:00:00,good,59.0
2017-11-04 14:00:00,good,46.3
2017-11-18 06:00:00,good,23.67
2017-11-11 21:00:00,good,32.0
2017-11-04 14:00:00,good,58.0
2017-11-25 20:00:00,good,33.0
2017-11-18 10:00:00,bad,34.25
2017-11-11 12:00:00,good,37.33
2017-11-11 15:00:00,good,39.67
2017-11-11 17:00:00,good,36.0
2017-11-04 08:00:00,good,25.65
2017-11-25 10:00:00,good,26.52
2017-11-18 14:00:00,good,43.13
2017-11-11 03:00:00,good,19.37
2017-11-11 09:00:00,good,0.0
2017-11-18 09:00:00,bad,21.0
2017-11-18 13:00:00,bad,49.0
2017-11-18 16:00:00,bad,39.0
2017-11-18 12:00:00,bad,37.0
2017-11-11 07:00:00,good,0.0
2017-11-04 22:00:00,good,23.0
2017-11-04 12:00:00,good,37.0
2017-11-25 11:00:00,good,19.0
2017-11-11 10:00:00,good,20.65
2017-11-04 08:00:00,good,23.0
2017-11-04 14:00:00,good,47.0
2017-11-04 14:00:00,good,51.0
2017-11-04 16:00:00,bad,52.17
2017-11-18 15:00:00,good,47.95
2017-11-18 12:00:00,bad,48.9
2017-11-04 16:00:00,bad,54.5
2017-11-18 19:00:00,good,31.0
2017-11-11 11:00:00,good,34.23
2017-11-11 16:00:00,good,38.22
2017-11-11 06:00:00,good,25.0
2017-11-04 15:00:00,good,48.0
2017-11-25 09:00:00,good,24.55
2017-11-25 04:00:00,good,23.07
2017-11-04 10:00:00,good,42.08
2017-11-04 08:00:00,good,22.05
2017-11-04 12:00:00,good,36.0
2017-11-18 08:00:00,bad,25.0
2017-11-25 05:00:00,good,24.78
2017-11-04 06:00:00,good,17.0
2017-11-11 07:00:00,good,19.0
2017-11-04 10:00:00,good,31.38
2017-11-11 14:00:00,good,37.08
2017-11-18 11:00:00,good,40.25
2017-11-04 14:00:00,good,56.85
2017-11-18 12:00:00,bad,42.85
2017-11-18 00:00:00,bad,8.0
2017-11-18 19:00:00,good,0.0
2017-11-11 10:00:00,good,23.57
2017-11-11 12:00:00,good,33.02
2017-11-04 11:00:00,good,36.0
2017-11-11 15:00:00,good,40.0
2017-11-11 20:00:00,good,25.0
2017-11-18 14:00:00,good,61.0
2017-11-25 14:00:00,good,29.0
2017-11-04 18:00:00,bad,43.0
2017-11-11 16:00:00,good,49.0
2017-11-11 09:00:00,good,21.0
2017-11-18 15:00:00,good,60.0
2017-11-18 17:00:00,bad,35.0
2017-11-18 07:00:00,bad,22.77
2017-11-04 10:00:00,good,28.62
2017-11-04 12:00:00,good,40.68
2017-11-04 10:00:00,good,41.32
2017-11-11 10:00:00,good,23.98
2017-11-04 06:00:00,good,20.12
2017-11-11 13:00:00,good,28.0
2017-11-18 06:00:00,good,24.0
2017-11-18 07:00:00,bad,26.0
2017-11-04 10:00:00,good,35.2
2017-11-11 15:00:00,good,36.0
2017-11-04 07:00:00,good,20.0
2017-11-04 11:00:00,good,38.8
2017-11-04 05:00:00,good,27.0
2017-11-04 05:00:00,good,20.28
2017-11-11 08:00:00,good,20.62
2017-11-11 07:00:00,good,17.9
2017-11-18 11:00:00,good,35.33
2017-11-18 08:00:00,bad,23.4
2017-11-11 10:00:00,good,20.72
2017-11-18 05:00:00,good,20.43
2017-11-11 11:00:00,good,35.0
2017-11-11 05:00:00,good,22.0
2017-11-25 05:00:00,good,18.72
2017-11-11 05:00:00,good,25.07
2017-11-04 06:00:00,good,23.98
2017-11-18 16:00:00,bad,46.85
2017-11-18 11:00:00,good,34.9
2017-11-11 06:00:00,good,23.83
2017-11-11 10:00:00,good,23.68
2017-11-18 12:00:00,bad,50.43
2017-11-04 10:00:00,good,33.43
2017-11-11 06:00:00,good,23.58
2017-11-18 13:00:00,bad,56.5
2017-11-18 14:00:00,good,49.9
2017-11-11 10:00:00,good,24.6
2017-11-04 17:00:00,bad,44.0
2017-11-04 07:00:00,good,23.0
2017-11-25 12:00:00,good,22.2
2017-11-04 14:00:00,good,46.0
2017-11-04 17:00:00,bad,49.0
2017-11-25 12:00:00,good,21.0
2017-11-04 02:00:00,good,49.27
2017-11-11 04:00:00,good,21.73
2017-11-25 10:00:00,good,27.93
2017-11-11 06:00:00,good,23.0
2017-11-18 12:00:00,bad,45.0
2017-11-04 11:00:00,good,45.0
2017-11-04 06:00:00,good,48.8
2017-11-11 06:00:00,good,55.53
2017-11-04 13:00:00,good,50.13
2017-11-18 12:00:00,bad,83.0
2017-11-18 04:00:00,good,28.95
2017-11-18 06:00:00,good,23.0
2017-11-04 05:00:00,good,22.75
2017-11-25 06:00:00,good,47.37
2017-11-11 11:00:00,good,28.0
2017-11-11 10:00:00,good,31.2
2017-11-04 18:00:00,bad,37.58
2017-11-11 06:00:00,good,22.0
2017-11-04 16:00:00,bad,43.67
2017-11-04 12:00:00,good,45.67
2017-11-11 06:00:00,good,24.97
2017-11-11 09:00:00,good,24.05
2017-11-11 10:00:00,good,20.0
2017-11-04 12:00:00,good,41.0
2017-11-18 06:00:00,good,28.0
2017-11-11 08:00:00,good,23.4
2017-11-18 15:00:00,good,61.0
2017-11-04 16:00:00,bad,49.68
2017-11-25 07:00:00,good,22.72
2017-11-04 09:00:00,good,30.65
2017-11-04 06:00:00,good,25.0
2017-11-11 07:00:00,good,25.0
2017-11-18 11:00:00,good,40.2
2017-11-18 14:00:00,good,63.0
2017-11-11 18:00:00,good,65.0
2017-11-04 12:00:00,good,48.28
2017-11-18 06:00:00,good,20.02
2017-11-04 10:00:00,good,40.73
2017-11-11 12:00:00,good,31.0
2017-11-04 18:00:00,bad,37.0
2017-11-04 16:00:00,bad,49.92
2017-11-25 11:00:00,good,27.38
2017-11-11 11:00:00,good,25.5
2017-11-11 06:00:00,good,24.02
2017-11-04 11:00:00,good,40.42
2017-11-11 05:00:00,good,23.1
2017-11-25 18:00:00,good,38.0
2017-11-18 13:00:00,bad,55.28
2017-11-25 14:00:00,good,29.3
2017-11-04 14:00:00,good,50.0
2017-11-04 06:00:00,good,24.93
2017-11-18 14:00:00,good,49.0
2017-11-11 11:00:00,good,29.0
2017-11-04 12:00:00,good,50.95
2017-11-04 11:00:00,good,43.52
2017-11-04 14:00:00,good,64.78
2017-11-04 12:00:00,good,40.0
2017-11-25 09:00:00,good,22.0
2017-11-11 09:00:00,good,27.05
2017-11-11 10:00:00,good,25.9
2017-11-25 06:00:00,good,23.18
2017-11-04 07:00:00,good,19.0
2017-11-18 06:00:00,good,29.0
2017-11-11 10:00:00,good,26.0
2017-11-04 16:00:00,bad,48.0
2017-11-25 16:00:00,good,27.0
2017-11-11 17:00:00,good,34.0
2017-11-18 08:00:00,bad,24.0
2017-11-25 15:00:00,good,27.87
2017-11-11 16:00:00,good,35.68
2017-11-04 17:00:00,bad,48.0
2017-11-11 17:00:00,good,37.85
2017-11-11 18:00:00,good,43.43
2017-11-11 12:00:00,good,30.0
2017-11-04 06:00:00,good,25.78
2017-11-11 17:00:00,good,43.0
2017-11-11 14:00:00,good,38.0
2017-11-25 18:00:00,good,69.0
2017-11-25 11:00:00,good,124.0
2017-11-11 16:00:00,good,40.0
2017-11-04 16:00:00,bad,43.63
2017-11-04 05:00:00,good,22.0
2017-11-18 16:00:00,bad,47.0
2017-11-04 14:00:00,good,49.0
2017-11-11 15:00:00,good,37.9
2017-11-04 07:00:00,good,24.0
2017-11-11 10:00:00,good,28.48
2017-11-04 12:00:00,good,46.02
2017-11-11 14:00:00,good,40.0
2017-11-11 06:00:00,good,22.57
2017-11-04 06:00:00,good,24.55
2017-11-11 09:00:00,good,20.0
2017-11-11 11:00:00,good,26.6
2017-11-04 19:00:00,good,33.95
2017-11-25 15:00:00,good,34.0
2017-11-11 20:00:00,good,33.0
2017-11-11 04:00:00,good,27.0
2017-11-18 08:00:00,bad,28.0
2017-11-04 08:00:00,good,28.1
2017-11-11 07:00:00,good,21.02
2017-11-18 12:00:00,bad,44.0
2017-11-11 11:00:00,good,19.0
2017-11-11 14:00:00,good,34.0
2017-11-11 11:00:00,good,24.0
2017-11-04 12:00:00,good,42.0
2017-11-04 16:00:00,bad,50.0
2017-11-18 10:00:00,bad,26.83
2017-11-25 12:00:00,good,28.47
2017-11-18 05:00:00,good,23.7
2017-11-25 12:00:00,good,25.0
2017-11-18 10:00:00,bad,29.0
2017-11-04 14:00:00,good,49.7
2017-11-18 07:00:00,bad,22.03
2017-11-04 16:00:00,bad,48.23
2017-11-25 07:00:00,good,20.28
2017-11-04 17:00:00,bad,39.0
2017-11-11 17:00:00,good,44.0
2017-11-11 06:00:00,good,26.0
2017-11-04 14:00:00,good,57.12
2017-11-04 11:00:00,good,40.3
2017-11-04 18:00:00,bad,40.97
2017-11-11 12:00:00,good,32.68
2017-11-11 18:00:00,good,48.08
2017-11-04 06:00:00,good,21.55
2017-11-11 11:00:00,good,22.0
2017-11-04 15:00:00,good,60.25
2017-11-04 16:00:00,bad,57.0
2017-11-11 06:00:00,good,21.17
2017-11-11 07:00:00,good,22.25
2017-11-11 04:00:00,good,20.32
2017-11-18 05:00:00,good,22.27
2017-11-25 06:00:00,good,22.18
2017-11-11 09:00:00,good,26.18
2017-11-25 12:00:00,good,38.1
2017-11-04 07:00:00,good,26.05
2017-11-25 11:00:00,good,25.68
2017-11-25 11:00:00,good,28.0
2017-11-11 18:00:00,good,53.0
2017-11-11 04:00:00,good,22.3
2017-11-11 08:00:00,good,24.0
2017-11-11 13:00:00,good,7.0
2017-11-11 07:00:00,good,24.05
2017-11-11 12:00:00,good,45.0
2017-11-25 06:00:00,good,22.87
2017-11-04 10:00:00,good,38.1
2017-11-04 08:00:00,good,23.68
2017-11-04 13:00:00,good,53.38
2017-11-11 07:00:00,good,23.65
2017-11-11 14:00:00,good,37.0
2017-11-18 05:00:00,good,22.43
2017-11-25 12:00:00,good,25.88
2017-11-25 15:00:00,good,36.73
2017-11-04 14:00:00,good,58.8
2017-11-11 13:00:00,good,37.7
2017-11-11 14:00:00,good,35.0
2017-11-11 13:00:00,good,34.85
2017-11-11 08:00:00,good,20.08
2017-11-18 03:00:00,good,20.98
2017-11-18 04:00:00,good,18.9
2017-11-04 10:00:00,good,44.9
2017-11-04 12:00:00,good,40.17
2017-11-11 09:00:00,good,24.0
2017-11-18 11:00:00,good,42.0
2017-11-18 10:00:00,bad,26.0
2017-11-11 06:00:00,good,20.0
2017-11-25 15:00:00,good,37.0
2017-11-25 17:00:00,good,36.0
2017-11-25 12:00:00,good,27.0
2017-11-04 10:00:00,good,31.0
2017-11-04 16:00:00,bad,47.0
2017-11-04 13:00:00,good,56.57
2017-11-11 14:00:00,good,47.0
2017-11-11 12:00:00,good,32.8
2017-11-04 05:00:00,good,20.0
2017-11-11 18:00:00,good,41.0
2017-11-04 19:00:00,good,26.7
2017-11-25 07:00:00,good,23.48
2017-11-25 13:00:00,good,29.0
2017-11-11 06:00:00,good,21.83
2017-11-18 07:00:00,bad,26.57
2017-11-11 14:00:00,good,40.2
2017-11-11 17:00:00,good,36.55
2017-11-11 09:00:00,good,31.23
2017-11-18 15:00:00,good,49.72
2017-11-04 14:00:00,good,59.0
2017-11-25 19:00:00,good,38.0
2017-11-11 16:00:00,good,46.0
2017-11-18 15:00:00,good,50.0
2017-11-18 13:00:00,bad,45.0
2017-11-04 12:00:00,good,50.0
2017-11-18 13:00:00,bad,58.0
2017-11-04 17:00:00,bad,34.0
2017-11-18 10:00:00,bad,28.0
2017-11-04 13:00:00,good,47.0
2017-11-18 12:00:00,bad,48.0
2017-11-04 16:00:00,bad,38.0
2017-11-11 15:00:00,good,38.08
2017-11-11 05:00:00,good,21.68
2017-11-18 12:00:00,bad,58.0
2017-11-18 16:00:00,bad,49.0
2017-11-18 16:00:00,bad,46.0
2017-11-18 10:00:00,bad,21.0
2017-11-11 11:00:00,good,28.93
2017-11-11 12:00:00,good,39.18
2017-11-11 16:00:00,good,37.0
2017-11-11 14:00:00,good,45.55
2017-11-11 17:00:00,good,35.0
2017-11-18 13:00:00,bad,41.0
2017-11-04 14:00:00,good,58.5
2017-11-04 13:00:00,good,41.0
2017-11-11 16:00:00,good,42.67
2017-11-11 06:00:00,good,21.28
2017-11-04 20:00:00,good,37.0
2017-11-18 14:00:00,good,46.0
2017-11-04 14:00:00,good,54.77
2017-11-11 15:00:00,good,46.67
2017-11-11 05:00:00,good,22.7
2017-11-04 12:00:00,good,42.95
2017-11-04 14:00:00,good,54.35
2017-11-04 17:00:00,bad,43.0
2017-11-04 09:00:00,good,31.3
2017-11-04 10:00:00,good,44.95
2017-11-04 15:00:00,good,55.85
2017-11-25 09:00:00,good,25.22
2017-11-18 06:00:00,good,21.0
2017-11-04 11:00:00,good,30.0
2017-11-11 06:00:00,good,23.25
2017-11-18 05:00:00,good,32.95
2017-11-04 06:00:00,good,27.0
2017-11-18 08:00:00,bad,29.0
2017-11-25 10:00:00,good,24.0
2017-11-18 17:00:00,bad,35.55
2017-11-18 16:00:00,bad,54.0
2017-11-04 11:00:00,good,48.25
2017-11-11 12:00:00,good,35.37
2017-11-11 10:00:00,good,23.87
2017-11-11 16:00:00,good,40.45
2017-11-04 12:00:00,good,45.0
2017-11-18 11:00:00,good,33.0
2017-11-04 10:00:00,good,33.0
2017-11-04 14:00:00,good,50.98
2017-11-11 11:00:00,good,30.53
2017-11-04 08:00:00,good,29.28
2017-11-04 15:00:00,good,56.6
2017-11-18 12:00:00,bad,57.68
2017-11-04 10:00:00,good,38.88
2017-11-11 13:00:00,good,35.05
2017-11-04 01:00:00,good,0.0
2017-11-11 12:00:00,good,38.83
2017-11-25 16:00:00,good,42.72
2017-11-11 07:00:00,good,20.05
2017-11-04 16:00:00,bad,46.02
2017-11-11 12:00:00,good,33.82
2017-11-04 06:00:00,good,22.52
2017-11-11 14:00:00,good,44.0
2017-11-04 07:00:00,good,21.0
2017-11-04 10:00:00,good,32.92
2017-11-11 05:00:00,good,21.6
2017-11-04 04:00:00,good,24.0
2017-11-11 12:00:00,good,35.55
2017-11-18 12:00:00,bad,43.0
2017-11-18 15:00:00,good,48.15
2017-11-04 08:00:00,good,30.0
2017-11-18 10:00:00,bad,38.0
2017-11-25 17:00:00,good,39.0
2017-11-18 07:00:00,bad,23.0
2017-11-04 11:00:00,good,42.18
2017-11-11 08:00:00,good,25.0
2017-11-04 18:00:00,bad,38.0
2017-11-11 14:00:00,good,60.23
2017-11-18 14:00:00,good,45.37
2017-11-04 13:00:00,good,57.0
2017-11-04 17:00:00,bad,38.83
2017-11-11 16:00:00,good,83.0
2017-11-18 06:00:00,good,30.0
2017-11-18 08:00:00,bad,27.0
2017-11-18 12:00:00,bad,43.43
2017-11-18 14:00:00,good,47.08
2017-11-11 10:00:00,good,27.03
2017-11-11 12:00:00,good,33.58
2017-11-11 08:00:00,good,23.62
2017-11-04 12:00:00,good,57.0
2017-11-11 15:00:00,good,38.0
2017-11-04 06:00:00,good,21.37
2017-11-11 15:00:00,good,51.57
2017-11-25 03:00:00,good,22.9
2017-11-18 14:00:00,good,45.95
2017-11-04 15:00:00,good,57.0
2017-11-11 16:00:00,good,36.88
2017-11-11 09:00:00,good,22.4
2017-11-11 07:00:00,good,20.72
2017-11-11 12:00:00,good,29.9
2017-11-11 15:00:00,good,45.0
2017-11-04 10:00:00,good,27.0
2017-11-04 14:00:00,good,57.67
2017-11-04 16:00:00,bad,55.0
2017-11-25 14:00:00,good,107.0
2017-11-25 18:00:00,good,39.08
2017-11-04 20:00:00,good,31.0
2017-11-11 12:00:00,good,27.0
2017-11-11 08:00:00,good,29.0
2017-11-04 16:00:00,bad,59.0
2017-11-04 08:00:00,good,21.0
2017-11-11 04:00:00,good,19.0
2017-11-18 07:00:00,bad,20.0
2017-11-04 06:00:00,good,24.53
2017-11-11 06:00:00,good,21.33
2017-11-18 12:00:00,bad,47.95
2017-11-11 10:00:00,good,23.53
2017-11-25 08:00:00,good,21.0
2017-11-04 06:00:00,good,21.0
2017-11-11 15:00:00,good,36.6
2017-11-18 14:00:00,good,58.0
2017-11-18 07:00:00,bad,26.8
2017-11-25 16:00:00,good,34.85
2017-11-04 18:00:00,bad,38.87
2017-11-25 16:00:00,good,36.72
2017-11-18 18:00:00,good,41.0
2017-11-11 13:00:00,good,73.0
2017-11-25 23:00:00,good,25.0
2017-11-11 18:00:00,good,44.58
2017-11-04 13:00:00,good,44.0
2017-11-18 10:00:00,bad,38.88
2017-11-18 14:00:00,good,52.87
2017-11-11 10:00:00,good,25.27
2017-11-04 14:00:00,good,64.0
2017-11-11 06:00:00,good,24.0
2017-11-18 05:00:00,good,22.0
2017-11-11 07:00:00,good,22.58
2017-11-11 10:00:00,good,24.42
2017-11-11 12:00:00,good,32.22
2017-11-11 15:00:00,good,33.5
2017-11-04 08:00:00,good,29.0
2017-11-11 13:00:00,good,34.0
2017-11-04 15:00:00,good,55.0
2017-11-04 09:00:00,good,26.57
2017-11-11 13:00:00,good,37.6
2017-11-18 17:00:00,bad,50.37
2017-11-04 12:00:00,good,59.0
2017-11-04 16:00:00,bad,46.08
2017-11-11 15:00:00,good,42.33
2017-11-04 16:00:00,bad,50.97
2017-11-04 06:00:00,good,21.12
2017-11-04 17:00:00,bad,35.85
2017-11-04 10:00:00,good,42.5
2017-11-11 16:00:00,good,44.0
2017-11-25 17:00:00,good,45.0
2017-11-18 15:00:00,good,48.0
2017-11-04 21:00:00,good,30.0
2017-11-04 18:00:00,bad,36.2
2017-11-11 10:00:00,good,32.0
2017-11-11 07:00:00,good,21.0
2017-11-04 15:00:00,good,56.0
2017-11-04 19:00:00,good,40.0
2017-11-04 10:00:00,good,28.0
2017-11-04 12:00:00,good,48.0
2017-11-04 11:00:00,good,49.38
2017-11-18 11:00:00,good,36.3
2017-11-11 17:00:00,good,41.25
2017-11-04 12:00:00,good,42.92
2017-11-11 08:00:00,good,17.72
2017-11-11 12:00:00,good,29.12
2017-11-18 08:00:00,bad,23.62
2017-11-18 12:00:00,bad,36.25
2017-11-18 12:00:00,bad,60.0
2017-11-25 15:00:00,good,39.27
2017-11-04 09:00:00,good,32.23
2017-11-04 11:00:00,good,35.92
2017-11-11 11:00:00,good,20.18
2017-11-04 15:00:00,good,53.57
2017-11-11 13:00:00,good,44.88
2017-11-04 15:00:00,good,55.58
2017-11-18 18:00:00,good,42.0
2017-11-11 13:00:00,good,38.0
2017-11-11 11:00:00,good,28.05
2017-11-18 13:00:00,bad,52.0
2017-11-11 10:00:00,good,24.43
2017-11-25 14:00:00,good,30.47
2017-11-04 10:00:00,good,42.03
2017-11-04 14:00:00,good,49.13
2017-11-25 10:00:00,good,18.0
2017-11-25 18:00:00,good,41.55
2017-11-04 19:00:00,good,41.0
2017-11-04 04:00:00,good,26.58
2017-11-18 12:00:00,bad,39.0
2017-11-18 07:00:00,bad,19.7
2017-11-18 06:00:00,good,26.1
2017-11-18 08:00:00,bad,22.2
2017-11-04 09:00:00,good,30.72
2017-11-25 13:00:00,good,28.95
2017-11-18 13:00:00,bad,57.0
2017-11-11 06:00:00,good,26.43
2017-11-04 06:00:00,good,25.53
2017-11-18 15:00:00,good,54.0
2017-11-11 17:00:00,good,53.0
2017-11-25 15:00:00,good,36.58
2017-11-11 16:00:00,good,34.0
2017-11-04 17:00:00,bad,46.0
2017-11-11 06:00:00,good,18.25
2017-11-04 12:00:00,good,48.82
2017-11-11 16:00:00,good,38.5
2017-11-11 08:00:00,good,22.73
2017-11-04 08:00:00,good,21.65
2017-11-18 08:00:00,bad,21.0
2017-11-11 11:00:00,good,33.87
2017-11-11 09:00:00,good,21.93
2017-11-18 07:00:00,bad,24.23
2017-11-11 12:00:00,good,31.82
2017-11-11 09:00:00,good,24.9
2017-11-11 10:00:00,good,25.48
2017-11-11 16:00:00,good,42.47
2017-11-18 21:00:00,bad,29.13
2017-11-11 12:00:00,good,33.22
2017-11-04 17:00:00,bad,38.0
2017-11-11 17:00:00,good,34.82
2017-11-25 12:00:00,good,27.43
2017-11-11 14:00:00,good,33.0
2017-11-04 08:00:00,good,23.43
2017-11-18 13:00:00,bad,62.98
2017-11-04 15:00:00,good,56.1
2017-11-04 15:00:00,good,53.0
2017-11-04 04:00:00,good,21.0
2017-11-04 18:00:00,bad,51.0
2017-11-11 07:00:00,good,23.25
2017-11-04 14:00:00,good,66.37
2017-11-04 11:00:00,good,44.28
2017-11-11 15:00:00,good,40.9
2017-11-04 09:00:00,good,0.0
2017-11-04 07:00:00,good,23.78
2017-11-11 06:00:00,good,23.93
2017-11-11 16:00:00,good,36.75
2017-11-11 09:00:00,good,22.65
2017-11-18 10:00:00,bad,34.72
2017-11-18 11:00:00,good,38.53
2017-11-04 17:00:00,bad,41.2
2017-11-11 14:00:00,good,38.12
2017-11-18 12:00:00,bad,41.12
2017-11-11 16:00:00,good,38.53
2017-11-11 10:00:00,good,27.0
2017-11-11 15:00:00,good,48.0
2017-11-11 14:00:00,good,43.0
2017-11-11 14:00:00,good,41.07
2017-11-04 11:00:00,good,44.0
2017-11-04 16:00:00,bad,48.38
2017-11-11 13:00:00,good,37.22
2017-11-11 16:00:00,good,43.0
2017-11-11 12:00:00,good,36.0
2017-11-11 17:00:00,good,38.5
2017-11-25 10:00:00,good,28.0
2017-11-04 08:00:00,good,24.0
2017-11-11 07:00:00,good,22.47
2017-11-04 17:00:00,bad,42.0
2017-11-11 14:00:00,good,37.9
2017-11-04 12:00:00,good,54.87
2017-11-04 20:00:00,good,24.37
2017-11-11 19:00:00,good,31.93
2017-11-04 11:00:00,good,40.93
2017-11-18 06:00:00,good,23.42
2017-11-04 14:00:00,good,58.03
2017-11-18 08:00:00,bad,21.88
2017-11-25 11:00:00,good,21.08
2017-11-18 16:00:00,bad,52.0
2017-11-11 12:00:00,good,25.0
2017-11-11 10:00:00,good,25.0
2017-11-18 05:00:00,good,21.85
2017-11-25 17:00:00,good,43.0
2017-11-04 10:00:00,good,29.0
2017-11-04 08:00:00,good,25.0
2017-11-04 18:00:00,bad,8.0
2017-11-11 14:00:00,good,41.08
2017-11-04 16:00:00,bad,56.0
2017-11-11 13:00:00,good,33.0
2017-11-11 16:00:00,good,38.23
2017-11-18 07:00:00,bad,22.0
2017-11-04 13:00:00,good,50.0
2017-11-04 09:00:00,good,24.0
2017-11-18 11:00:00,good,30.0
2017-11-11 16:00:00,good,46.73
2017-11-11 05:00:00,good,31.0
2017-11-04 12:00:00,good,37.32
2017-11-11 16:00:00,good,47.0
2017-11-04 05:00:00,good,16.97
2017-11-11 23:00:00,good,23.6
2017-11-11 06:00:00,good,24.27
2017-11-18 06:00:00,good,25.33
2017-11-11 09:00:00,good,18.0
2017-11-11 10:00:00,good,22.0
2017-11-25 11:00:00,good,30.0
2017-11-04 15:00:00,good,57.47
2017-11-04 08:00:00,good,28.17
2017-11-18 06:00:00,good,22.18
2017-11-11 18:00:00,good,32.97
2017-11-18 09:00:00,bad,24.95
2017-11-04 09:00:00,good,28.0
2017-11-18 06:00:00,good,22.25
2017-11-04 12:00:00,good,37.72
2017-11-04 00:00:00,good,26.0
2017-11-04 10:00:00,good,43.87
2017-11-04 14:00:00,good,49.4
2017-11-18 05:00:00,good,27.6
2017-11-04 11:00:00,good,40.0
2017-11-04 18:00:00,bad,41.0
2017-11-11 04:00:00,good,24.85
2017-11-04 12:00:00,good,45.95
2017-11-11 12:00:00,good,32.92
2017-11-11 13:00:00,good,35.8
2017-11-04 13:00:00,good,53.0
2017-11-18 13:00:00,bad,62.0
2017-11-25 14:00:00,good,30.0
2017-11-18 18:00:00,good,24.73
2017-11-25 16:00:00,good,46.12
2017-11-04 18:00:00,bad,41.47
2017-11-25 05:00:00,good,21.08
2017-11-04 11:00:00,good,38.75
2017-11-18 05:00:00,good,26.13
2017-11-04 06:00:00,good,25.32
2017-11-04 17:00:00,bad,41.97
2017-11-18 08:00:00,bad,24.92
2017-11-18 18:00:00,good,30.0
2017-11-04 14:00:00,good,63.85
2017-11-25 11:00:00,good,25.27
2017-11-25 12:00:00,good,24.0
2017-11-25 17:00:00,good,37.0
2017-11-04 12:00:00,good,53.0
2017-11-04 07:00:00,good,25.63
2017-11-04 08:00:00,good,27.88
2017-11-04 14:00:00,good,58.98
2017-11-04 04:00:00,good,22.35
2017-11-11 07:00:00,good,23.75
2017-11-11 05:00:00,good,22.33
2017-11-11 03:00:00,good,20.05
2017-11-11 12:00:00,good,33.28
2017-11-11 08:00:00,good,25.32
2017-11-04 06:00:00,good,24.37
2017-11-04 15:00:00,good,61.65
2017-11-04 11:00:00,good,41.25
2017-11-11 13:00:00,good,37.0
2017-11-25 18:00:00,good,61.4
2017-11-18 20:00:00,good,28.58
2017-11-25 05:00:00,good,24.0
2017-11-18 13:00:00,bad,58.77
2017-11-18 06:00:00,good,27.3
2017-11-04 18:00:00,bad,29.58
2017-11-04 19:00:00,good,31.02
2017-11-11 21:00:00,good,22.72
2017-11-11 10:00:00,good,24.77
2017-11-11 14:00:00,good,41.52
2017-11-18 08:00:00,bad,26.08
2017-11-04 11:00:00,good,46.0
2017-11-04 06:00:00,good,32.0
2017-11-04 08:00:00,good,23.2
2017-11-04 17:00:00,bad,35.53
2017-11-18 07:00:00,bad,22.18
2017-11-11 07:00:00,good,22.98
2017-11-25 13:00:00,good,30.0
2017-11-04 19:00:00,good,29.13
2017-11-25 10:00:00,good,26.4
2017-11-11 12:00:00,good,28.0
2017-11-04 17:00:00,bad,35.57
2017-11-11 15:00:00,good,37.0
2017-11-11 11:00:00,good,28.85
2017-11-04 15:00:00,good,40.0
2017-11-11 20:00:00,good,30.0
2017-11-18 14:00:00,good,54.85
2017-11-11 08:00:00,good,23.2
2017-11-04 15:00:00,good,54.37
2017-11-11 06:00:00,good,27.83
2017-11-11 04:00:00,good,23.0
2017-11-11 09:00:00,good,23.07
2017-11-04 16:00:00,bad,43.0
2017-11-11 08:00:00,good,22.75
2017-11-11 11:00:00,good,35.17
2017-11-11 12:00:00,good,33.17
2017-11-04 16:00:00,bad,39.0
2017-11-04 10:00:00,good,35.23
2017-11-18 08:00:00,bad,20.0
2017-11-04 14:00:00,good,45.73
2017-11-04 08:00:00,good,26.68
2017-11-18 08:00:00,bad,24.72
2017-11-04 14:00:00,good,45.07
2017-11-04 12:00:00,good,48.3
2017-11-11 17:00:00,good,38.0
2017-11-11 19:00:00,good,32.05
2017-11-04 10:00:00,good,34.25
2017-11-04 16:00:00,bad,54.0
2017-11-11 15:00:00,good,36.67
2017-11-04 16:00:00,bad,48.77
2017-11-11 13:00:00,good,40.82
2017-11-11 04:00:00,good,20.9
2017-11-04 12:00:00,good,39.0
2017-11-11 18:00:00,good,36.0
2017-11-11 10:00:00,good,22.17
2017-11-25 05:00:00,good,26.0
2017-11-11 08:00:00,good,22.32
2017-11-25 16:00:00,good,40.0
2017-11-11 16:00:00,good,43.9
2017-11-18 14:00:00,good,60.07
2017-11-11 10:00:00,good,19.57
2017-11-11 10:00:00,good,23.08
2017-11-18 12:00:00,bad,42.67
2017-11-18 10:00:00,bad,31.8
2017-11-11 05:00:00,good,21.0
2017-11-11 09:00:00,good,21.33
2017-11-04 06:00:00,good,19.47
2017-11-04 06:00:00,good,20.0
2017-11-04 15:00:00,good,53.45
2017-11-11 05:00:00,good,23.0
2017-11-04 11:00:00,good,44.88
2017-11-04 12:00:00,good,42.57
2017-11-25 18:00:00,good,42.0
2017-11-04 09:00:00,good,29.7
2017-11-04 10:00:00,good,45.0
2017-11-04 15:00:00,good,52.4
2017-11-11 16:00:00,good,38.0
2017-11-18 12:00:00,bad,40.0
2017-11-11 18:00:00,good,34.98
2017-11-04 12:00:00,good,54.58
2017-11-04 12:00:00,good,41.53
2017-11-11 10:00:00,good,21.72
2017-11-04 14:00:00,good,45.0
2017-11-18 16:00:00,bad,36.43
2017-11-25 11:00:00,good,0.0
2017-11-11 10:00:00,good,21.97
2017-11-04 16:00:00,bad,47.23
